<?xml version="1.0" encoding="UTF-8"?>
<beans xmlns="http://www.springframework.org/schema/beans"
xmlns:xsi="http://www.w3.org/2001/XMLSchema-instance"
xmlns:context="http://www.springframework.org/schema/context"
xmlns:mvc="http://www.springframework.org/schema/mvc"
xsi:schemaLocation="http://www.springframework.org/schema/beans
http://www.springframework.org/schema/beans/spring-beans.xsd
http://www.springframework.org/schema/context
http://www.springframework.org/schema/context/spring-context.xsd 
http://www.springframework.org/schema/mvc 
http://www.springframework.org/schema/mvc/spring-mvc.xsd">
<context:component-scan base-package="com.cg"></context:component-scan>
<mvc:annotation-driven validator="myBeansValidation"></mvc:annotation-driven>
<bean id="myBeansValidation" class="org.springframework.validation.beanvalidation.LocalValidatorFactoryBean"></bean>
<bean id ="viewResolver" class="org.springframework.web.servlet.view.InternalResourceViewResolver"> 
<property name="viewClass">
<value>org.springframework.web.servlet.view.JstlView</value>
</property>
<property name="prefix">
<value>/</value>
</property>
<property name="suffix">
<value>.jsp</value>
</property>

</bean>
</beans>