<?xml version="1.0" encoding="UTF-8"?>
<beans xmlns="http://www.springframework.org/schema/beans"
xmlns:xsi="http://www.w3.org/2001/XMLSchema-instance"
xmlns:context="http://www.springframework.org/schema/context"
xsi:schemaLocation="http://www.springframework.org/schema/beans
http://www.springframework.org/schema/beans/spring-beans.xsd
http://www.springframework.org/schema/context
http://www.springframework.org/schema/context/spring-context.xsd">
<context:component-scan base-package="com.cg"></context:component-scan>
<bean name="/hello.obj" class = "com.cg.FirstController">
</bean>
<bean id ="viewResolver" class="org.springframework.web.servlet.view.InternalResourceViewResolver"> 
<property name="viewClass">
<value>org.springframework.web.servlet.view.JstlView</value>
</property>
<property name="prefix">
<value>/</value>
</property>
<property name="suffix">
<value>.jsp</value>
</property>

</bean>
</beans>