[
    {
      "id": 1,
      "title": "Samsung",
      "year": 1996,
      "author": "Rs.25000",
      "image":"Image2.jpg"
    },
    
    {
      "id": 2,
      "title": "one plus 7",
      "year": 1998,
      "author": "45000",
      "image":"Image3.jpg"
    },
    {
      "id": 3,
      "title": "I phone 7",
      "year": 2000,
      "author": "30000"
    },
    {
      "id": 4,
      "title": "Blackberry",
      "year": 2005,
      "author": "55000"
    },
    {
      "id": 5,
      "title": "Lenovo",
      "year": 2011,
      "author": "220000"
    }
    
  ]
